{
  "cli": {
    "version": ">= 5.9.0",
    "appVersionSource": "remote"
  },
  "build": {
    "development": {
      "developmentClient": true,
      "distribution": "internal",
      "channel": "development",
      "env": {
        "EXPO_PUBLIC_SUPABASE_URL": "${EXPO_PUBLIC_SUPABASE_URL}",
        "EXPO_PUBLIC_SUPABASE_ANON_KEY": "${EXPO_PUBLIC_SUPABASE_ANON_KEY}"
      }
    },
    "preview": {
      "distribution": "internal",
      "channel": "preview",
      "env": {
        "EXPO_PUBLIC_SUPABASE_URL": "${EXPO_PUBLIC_SUPABASE_URL}",
        "EXPO_PUBLIC_SUPABASE_ANON_KEY": "${EXPO_PUBLIC_SUPABASE_ANON_KEY}"
      }
    },
    "production": {
      "autoIncrement": true,
      "channel": "production",
      "env": {
        "EXPO_PUBLIC_SUPABASE_URL": "${EXPO_PUBLIC_SUPABASE_URL}",
        "EXPO_PUBLIC_SUPABASE_ANON_KEY": "${EXPO_PUBLIC_SUPABASE_ANON_KEY}"
      }
    }
  },
  "submit": {
    "production": {}
  }
}
